Date,Time,UTC Offset,Transit,Aspect,Natal,Orb (°),Applying,Retrograde
2026-04-01,12:00,-04:00,Jupiter,Conjunction,Jupiter,0.101,yes,no
2026-04-01,12:00,-04:00,Jupiter,Trine,Pluto,0.427,no,no
2026-04-01,12:00,-04:00,Jupiter,Conjunction,Chiron,0.253,yes,no
2026-04-01,12:00,-04:00,Saturn,Sextile,Mercury,0.347,yes,no
2026-04-01,12:00,-04:00,Pluto,Trine,Mercury,0.750,yes,no
2026-04-01,12:00,-04:00,Node,Sextile,Uranus,0.574,yes,yes
2026-04-02,12:00,-04:00,Jupiter,Conjunction,Jupiter,0.032,yes,no
2026-04-02,12:00,-04:00,Jupiter,Trine,Pluto,0.495,no,no
2026-04-02,12:00,-04:00,Jupiter,Conjunction,Chiron,0.184,yes,no
2026-04-02,12:00,-04:00,Saturn,Sextile,Mercury,0.222,yes,no
2026-04-02,12:00,-04:00,Pluto,Trine,Mercury,0.735,yes,no
2026-04-02,12:00,-04:00,Node,Sextile,Uranus,0.502,yes,yes
2026-04-03,12:00,-04:00,Jupiter,Conjunction,Jupiter,0.039,no,no
2026-04-03,12:00,-04:00,Jupiter,Trine,Pluto,0.567,no,no
2026-04-03,12:00,-04:00,Jupiter,Conjunction,Chiron,0.113,yes,no
2026-04-03,12:00,-04:00,Saturn,Sextile,Mercury,0.098,yes,no
2026-04-03,12:00,-04:00,Pluto,Trine,Mercury,0.719,yes,no
2026-04-03,12:00,-04:00,Node,Sextile,Uranus,0.406,yes,yes
2026-04-04,12:00,-04:00,Jupiter,Conjunction,Jupiter,0.113,no,no
2026-04-04,12:00,-04:00,Jupiter,Trine,Pluto,0.641,no,no
2026-04-04,12:00,-04:00,Jupiter,Conjunction,Chiron,0.039,yes,no
2026-04-04,12:00,-04:00,Saturn,Sextile,Mercury,0.026,no,no
2026-04-04,12:00,-04:00,Pluto,Trine,Mercury,0.705,yes,no
2026-04-04,12:00,-04:00,Node,Sextile,Uranus,0.297,yes,yes
2026-04-05,12:00,-04:00,Jupiter,Conjunction,Jupiter,0.190,no,no
2026-04-05,12:00,-04:00,Jupiter,Trine,Pluto,0.718,no,no
2026-04-05,12:00,-04:00,Jupiter,Conjunction,Chiron,0.038,no,no
2026-04-05,12:00,-04:00,Saturn,Sextile,Mercury,0.149,no,no
2026-04-05,12:00,-04:00,Pluto,Trine,Mercury,0.690,yes,no
2026-04-05,12:00,-04:00,Node,Sextile,Uranus,0.185,yes,yes
2026-04-06,12:00,-04:00,Jupiter,Conjunction,Jupiter,0.270,no,no
2026-04-06,12:00,-04:00,Jupiter,Trine,Pluto,0.797,no,no
2026-04-06,12:00,-04:00,Jupiter,Conjunction,Chiron,0.118,no,no
2026-04-06,12:00,-04:00,Saturn,Sextile,Mercury,0.273,no,no
2026-04-06,12:00,-04:00,Pluto,Trine,Mercury,0.676,yes,no
2026-04-06,12:00,-04:00,Node,Sextile,Uranus,0.081,yes,yes
2026-04-07,12:00,-04:00,Jupiter,Conjunction,Jupiter,0.352,no,no
2026-04-07,12:00,-04:00,Jupiter,Trine,Pluto,0.880,no,no
2026-04-07,12:00,-04:00,Jupiter,Conjunction,Chiron,0.201,no,no
2026-04-07,12:00,-04:00,Saturn,Sextile,Mercury,0.396,no,no
2026-04-07,12:00,-04:00,Pluto,Trine,Mercury,0.662,yes,no
2026-04-07,12:00,-04:00,Node,Sextile,Uranus,0.003,no,yes
2026-04-08,12:00,-04:00,Jupiter,Conjunction,Jupiter,0.438,no,no
2026-04-08,12:00,-04:00,Jupiter,Trine,Pluto,0.965,no,no
2026-04-08,12:00,-04:00,Jupiter,Conjunction,Chiron,0.286,no,no
2026-04-08,12:00,-04:00,Saturn,Sextile,Mercury,0.520,no,no
2026-04-08,12:00,-04:00,Pluto,Trine,Mercury,0.649,yes,no
2026-04-08,12:00,-04:00,Node,Sextile,Uranus,0.060,no,yes
2026-04-09,12:00,-04:00,Jupiter,Conjunction,Jupiter,0.525,no,no
2026-04-09,12:00,-04:00,Jupiter,Conjunction,Chiron,0.374,no,no
2026-04-09,12:00,-04:00,Saturn,Sextile,Mercury,0.642,no,no
2026-04-09,12:00,-04:00,Pluto,Trine,Mercury,0.637,yes,no
2026-04-09,12:00,-04:00,Node,Sextile,Uranus,0.087,no,yes
2026-04-10,12:00,-04:00,Jupiter,Conjunction,Jupiter,0.616,no,no
2026-04-10,12:00,-04:00,Jupiter,Conjunction,Chiron,0.464,no,no
2026-04-10,12:00,-04:00,Saturn,Sextile,Mercury,0.765,no,no
2026-04-10,12:00,-04:00,Pluto,Trine,Mercury,0.624,yes,no
2026-04-10,12:00,-04:00,Node,Sextile,Uranus,0.089,yes,no
2026-04-11,12:00,-04:00,Jupiter,Trine,Moon,0.955,yes,no
2026-04-11,12:00,-04:00,Jupiter,Conjunction,Jupiter,0.709,no,no
2026-04-11,12:00,-04:00,Jupiter,Conjunction,Chiron,0.557,no,no
2026-04-11,12:00,-04:00,Saturn,Sextile,Mercury,0.887,no,no
2026-04-11,12:00,-04:00,Pluto,Trine,Mercury,0.613,yes,no
2026-04-11,12:00,-04:00,Node,Sextile,Uranus,0.072,yes,no
2026-04-12,12:00,-04:00,Jupiter,Trine,Moon,0.859,yes,no
2026-04-12,12:00,-04:00,Jupiter,Conjunction,Jupiter,0.805,no,no
2026-04-12,12:00,-04:00,Jupiter,Conjunction,Chiron,0.653,no,no
2026-04-12,12:00,-04:00,Pluto,Trine,Mercury,0.601,yes,no
2026-04-12,12:00,-04:00,Node,Sextile,Uranus,0.048,yes,no
2026-04-13,12:00,-04:00,Jupiter,Trine,Moon,0.761,yes,no
2026-04-13,12:00,-04:00,Jupiter,Conjunction,Jupiter,0.903,no,no
2026-04-13,12:00,-04:00,Jupiter,Conjunction,Chiron,0.752,no,no
2026-04-13,12:00,-04:00,Pluto,Trine,Mercury,0.590,yes,no
2026-04-13,12:00,-04:00,Node,Sextile,Uranus,0.032,yes,no
2026-04-14,12:00,-04:00,Jupiter,Trine,Moon,0.660,yes,no
2026-04-14,12:00,-04:00,Jupiter,Conjunction,Chiron,0.852,no,no
2026-04-14,12:00,-04:00,Saturn,Square,Uranus,0.929,yes,no
2026-04-14,12:00,-04:00,Saturn,Sextile,Node,0.894,yes,no
2026-04-14,12:00,-04:00,Pluto,Trine,Mercury,0.580,yes,no
2026-04-14,12:00,-04:00,Node,Sextile,Uranus,0.037,no,yes
2026-04-15,12:00,-04:00,Jupiter,Trine,Moon,0.557,yes,no
2026-04-15,12:00,-04:00,Jupiter,Conjunction,Chiron,0.956,no,no
2026-04-15,12:00,-04:00,Saturn,Square,Uranus,0.808,yes,no
2026-04-15,12:00,-04:00,Saturn,Sextile,Node,0.773,yes,no
2026-04-15,12:00,-04:00,Pluto,Trine,Mercury,0.570,yes,no
2026-04-15,12:00,-04:00,Node,Sextile,Uranus,0.074,no,yes
2026-04-16,12:00,-04:00,Jupiter,Trine,Moon,0.451,yes,no
2026-04-16,12:00,-04:00,Saturn,Square,Uranus,0.687,yes,no
2026-04-16,12:00,-04:00,Saturn,Sextile,Node,0.653,yes,no
2026-04-16,12:00,-04:00,Pluto,Trine,Mercury,0.560,yes,no
2026-04-16,12:00,-04:00,Node,Sextile,Uranus,0.146,no,yes
2026-04-17,12:00,-04:00,Jupiter,Trine,Moon,0.342,yes,no
2026-04-17,12:00,-04:00,Saturn,Square,Uranus,0.567,yes,no
2026-04-17,12:00,-04:00,Saturn,Sextile,Node,0.533,yes,no
2026-04-17,12:00,-04:00,Pluto,Trine,Mercury,0.551,yes,no
2026-04-17,12:00,-04:00,Node,Sextile,Uranus,0.250,no,yes
2026-04-18,12:00,-04:00,Jupiter,Trine,Moon,0.231,yes,no
2026-04-18,12:00,-04:00,Saturn,Square,Uranus,0.448,yes,no
2026-04-18,12:00,-04:00,Saturn,Sextile,Node,0.413,yes,no
2026-04-18,12:00,-04:00,Pluto,Trine,Mercury,0.543,yes,no
2026-04-18,12:00,-04:00,Node,Sextile,Uranus,0.377,no,yes
2026-04-19,12:00,-04:00,Jupiter,Trine,Moon,0.118,yes,no
2026-04-19,12:00,-04:00,Saturn,Square,Uranus,0.328,yes,no
2026-04-19,12:00,-04:00,Saturn,Sextile,Node,0.293,yes,no
2026-04-19,12:00,-04:00,Pluto,Trine,Mercury,0.535,yes,no
2026-04-19,12:00,-04:00,Node,Sextile,Uranus,0.510,no,yes
2026-04-20,12:00,-04:00,Jupiter,Trine,Moon,0.002,yes,no
2026-04-20,12:00,-04:00,Saturn,Square,Uranus,0.209,yes,no
2026-04-20,12:00,-04:00,Saturn,Sextile,Node,0.174,yes,no
2026-04-20,12:00,-04:00,Pluto,Trine,Mercury,0.527,yes,no
2026-04-20,12:00,-04:00,Node,Sextile,Uranus,0.632,no,yes
2026-04-21,12:00,-04:00,Jupiter,Trine,Moon,0.116,no,no
2026-04-21,12:00,-04:00,Saturn,Square,Uranus,0.091,yes,no
2026-04-21,12:00,-04:00,Saturn,Sextile,Node,0.056,yes,no
2026-04-21,12:00,-04:00,Pluto,Trine,Mercury,0.520,yes,no
2026-04-21,12:00,-04:00,Node,Sextile,Uranus,0.728,no,yes
2026-04-22,12:00,-04:00,Jupiter,Trine,Moon,0.236,no,no
2026-04-22,12:00,-04:00,Saturn,Square,Uranus,0.027,no,no
2026-04-22,12:00,-04:00,Saturn,Sextile,Node,0.062,no,no
2026-04-22,12:00,-04:00,Pluto,Trine,Mercury,0.513,yes,no
2026-04-22,12:00,-04:00,Node,Sextile,Uranus,0.789,no,yes
2026-04-23,12:00,-04:00,Jupiter,Trine,Moon,0.359,no,no
2026-04-23,12:00,-04:00,Saturn,Square,Uranus,0.144,no,no
2026-04-23,12:00,-04:00,Saturn,Sextile,Node,0.179,no,no
2026-04-23,12:00,-04:00,Pluto,Trine,Mercury,0.507,yes,no
2026-04-23,12:00,-04:00,Node,Sextile,Uranus,0.814,no,yes
2026-04-24,12:00,-04:00,Jupiter,Trine,Moon,0.484,no,no
2026-04-24,12:00,-04:00,Jupiter,Sextile,Venus,0.900,yes,no
2026-04-24,12:00,-04:00,Saturn,Square,Uranus,0.261,no,no
2026-04-24,12:00,-04:00,Saturn,Sextile,Node,0.296,no,no
2026-04-24,12:00,-04:00,Pluto,Trine,Mercury,0.501,yes,no
2026-04-24,12:00,-04:00,Node,Sextile,Uranus,0.814,yes,no
2026-04-25,12:00,-04:00,Jupiter,Trine,Moon,0.611,no,no
2026-04-25,12:00,-04:00,Jupiter,Sextile,Venus,0.773,yes,no
2026-04-25,12:00,-04:00,Saturn,Square,Uranus,0.378,no,no
2026-04-25,12:00,-04:00,Saturn,Sextile,Node,0.412,no,no
2026-04-25,12:00,-04:00,Pluto,Trine,Mercury,0.496,yes,no
2026-04-25,12:00,-04:00,Node,Sextile,Uranus,0.801,yes,no
2026-04-26,12:00,-04:00,Jupiter,Trine,Moon,0.740,no,no
2026-04-26,12:00,-04:00,Jupiter,Sextile,Venus,0.644,yes,no
2026-04-26,12:00,-04:00,Saturn,Square,Uranus,0.493,no,no
2026-04-26,12:00,-04:00,Saturn,Sextile,Node,0.528,no,no
2026-04-26,12:00,-04:00,Pluto,Trine,Mercury,0.491,yes,no
2026-04-26,12:00,-04:00,Node,Sextile,Uranus,0.793,no,yes
2026-04-27,12:00,-04:00,Jupiter,Trine,Moon,0.871,no,no
2026-04-27,12:00,-04:00,Jupiter,Sextile,Venus,0.512,yes,no
2026-04-27,12:00,-04:00,Saturn,Square,Uranus,0.608,no,no
2026-04-27,12:00,-04:00,Saturn,Sextile,Node,0.643,no,no
2026-04-27,12:00,-04:00,Pluto,Trine,Mercury,0.486,yes,no
2026-04-27,12:00,-04:00,Node,Sextile,Uranus,0.809,no,yes
2026-04-28,12:00,-04:00,Jupiter,Sextile,Venus,0.379,yes,no
2026-04-28,12:00,-04:00,Saturn,Square,Uranus,0.723,no,no
2026-04-28,12:00,-04:00,Saturn,Sextile,Node,0.758,no,no
2026-04-28,12:00,-04:00,Pluto,Trine,Mercury,0.482,yes,no
2026-04-28,12:00,-04:00,Node,Sextile,Uranus,0.860,no,yes
2026-04-29,12:00,-04:00,Jupiter,Sextile,Venus,0.243,yes,no
2026-04-29,12:00,-04:00,Saturn,Square,Uranus,0.837,no,no
2026-04-29,12:00,-04:00,Saturn,Sextile,Node,0.872,no,no
2026-04-29,12:00,-04:00,Pluto,Trine,Mercury,0.479,yes,no
2026-04-29,12:00,-04:00,Node,Sextile,Uranus,0.954,no,yes
2026-04-30,12:00,-04:00,Jupiter,Sextile,Venus,0.105,yes,no
2026-04-30,12:00,-04:00,Saturn,Square,Uranus,0.950,no,no
2026-04-30,12:00,-04:00,Saturn,Sextile,Node,0.985,no,no
2026-04-30,12:00,-04:00,Pluto,Trine,Mercury,0.476,yes,no
