Date,Planet 1,Aspect,Planet 2,Orb (°),Exact Time
2026-04-01,Saturn,Sextile,Pluto,0.417,
2026-04-02,Mercury,Trine,Jupiter,0.606,
2026-04-02,Saturn,Sextile,Pluto,0.526,
2026-04-03,Mercury,Trine,Jupiter,0.284,
2026-04-03,Venus,Square,Pluto,0.184,
2026-04-03,Saturn,Sextile,Pluto,0.635,
2026-04-04,Moon,Trine,Jupiter,0.355,12:40 PM PDT
2026-04-04,Saturn,Sextile,Pluto,0.744,
2026-04-05,Sun,Square,Jupiter,0.127,
2026-04-05,Moon,Trine,Mars,0.88,10:10 AM PDT
2026-04-05,Saturn,Sextile,Pluto,0.853,
2026-04-06,Sun,Square,Jupiter,0.776,
2026-04-06,Saturn,Sextile,Pluto,0.963,
2026-04-07,Mars,Sextile,Uranus,0.646,
2026-04-08,Moon,Square,Neptune,0.94,10:10 AM PDT
2026-04-08,Mars,Sextile,Uranus,0.086,
2026-04-09,Mars,Sextile,Uranus,0.817,
2026-04-12,Sun,Sextile,Moon,0.391,12:50 PM PDT
2026-04-12,Venus,Sextile,Jupiter,0.626,
2026-04-12,Mars,Conjunction,Neptune,0.324,
2026-04-13,Venus,Sextile,Jupiter,0.499,
2026-04-13,Mars,Conjunction,Neptune,0.417,
2026-04-14,Moon,Sextile,Venus,0.424,11:10 AM PDT
2026-04-14,Mercury,Sextile,Uranus,0.102,
2026-04-15,Moon,Conjunction,Neptune,0.148,11:40 AM PDT
2026-04-15,Mars,Sextile,Pluto,0.764,
2026-04-16,Moon,Square,Jupiter,0.061,11:50 AM PDT
2026-04-16,Mercury,Conjunction,Neptune,0.417,
2026-04-16,Mars,Sextile,Pluto,0.002,
2026-04-17,Mars,Sextile,Pluto,0.768,
2026-04-18,Moon,Sextile,Jupiter,0.632,01:00 PM PDT
2026-04-18,Mercury,Sextile,Pluto,0.099,
2026-04-18,Mars,Conjunction,Saturn,0.756,
2026-04-19,Mercury,Conjunction,Mars,0.877,
2026-04-19,Mercury,Conjunction,Saturn,0.979,
2026-04-19,Mars,Conjunction,Saturn,0.102,
2026-04-20,Mercury,Conjunction,Mars,0.092,
2026-04-20,Mercury,Conjunction,Saturn,0.461,
2026-04-20,Mars,Conjunction,Saturn,0.553,
2026-04-21,Sun,Sextile,Moon,0.474,12:50 PM PDT
2026-04-21,Mercury,Conjunction,Mars,0.723,
2026-04-23,Moon,Sextile,Venus,0.067,11:50 AM PDT
2026-04-23,Moon,Sextile,Uranus,0.27,12:30 PM PDT
2026-04-23,Venus,Conjunction,Uranus,0.338,
2026-04-24,Sun,Square,Pluto,0.869,
2026-04-24,Venus,Conjunction,Uranus,0.824,
2026-04-25,Sun,Square,Pluto,0.099,
2026-04-26,Mercury,Square,Jupiter,0.03,
2026-04-26,Venus,Sextile,Neptune,0.063,
2026-04-28,Moon,Trine,Venus,0.396,12:50 PM PDT
2026-04-28,Moon,Trine,Pluto,0.278,12:30 PM PDT
2026-04-28,Venus,Trine,Pluto,0.118,
